かしこまり	クリスマスソング / back number ( cover by かしこまり )	クリスマスソング	l-RLPc55zb4
かしこまり	lemon / 米津玄師 ( cover by かしこまり )	lemon	VXAMuERH0Gg
かしこまり	打上花火 / daoko × 米津玄師 ( cover by かしこまり )	打上花火	Rz9aLowL5ck
かしこまり	シュガーソングとビターステップ / unison square garden( cover by かしこまり )	シュガーソングとビターステップ	GRh8XiHnXpw
かしこまり	god knows... / 涼宮ハルヒ ( cover by かしこまり )	god knows...	JkBg88ot3sU
かしこまり	コネクト / claris ( cover by かしこまり )	コネクト	AQCL88Upry4
かしこまり	君の知らない物語 / supercell ( cover by かしこまり )	君の知らない物語	Xkyy4gSVma8
かしこまり	星間飛行 / ランカ・リー(中島愛)( cover by かしこまり )	星間飛行	pkL5Lvu1kWM
かしこまり	メルト / 初音ミク ( cover by かしこまり )	メルト	wRmYHK14yyI
YuNi	【メリクリ🎄】クリスマスソング 歌ってみた -yuni 【backnumber】	クリスマスソング	NQ97uD3od5I
YuNi	【祝☆半年記念日】ロキ コラボで歌ってみた - かしこまり×yuni 【みきとp】	ロキ	mxKCX19vIZg
YuNi	【そんなわけないや】ヒバナ 歌ってみた - yuni	ヒバナ	uaKIi_UhsNo
YuNi	【yuniアレンジ】奏 歌ってみた - yuni	奏	y2ZbEta0ugw
YuNi	【コラボ】脳漿炸裂ガール 歌ってみた - 天神子兎音×yuni	脳漿炸裂ガール	CYpOUcLtwT0
YuNi	【コラボ】mrs.pumpkinの滑稽な夢 女子4人で歌ってみた - そら×まり×アオ×yuni	mrs.pumpkinの滑稽な夢	gb_jfOQd64c
YuNi	【コラボ】 happy halloween 女子3人で歌ってみた - おめシス × yuni	happy halloween	l71rBXM1Rgg
YuNi	【yuni落下】アスノヨゾラ哨戒班 歌ってみた - yuni	アスノヨゾラ哨戒班	oP4bzAOmFos
YuNi	【愚者のメロディー】妄想感傷代償連盟 歌ってみた - yuni	妄想感傷代償連盟	jlcXiaiG2IY
YuNi	【コラボ】からくりピエロ 歌ってみた - 響木アオ × yuni	からくりピエロ	FCRRxX5PoX4
YuNi	【生きろ】命に嫌われている。 歌ってみた - yuni	命に嫌われている。	85LtMbcugjI
YuNi	【わたしのヒカリ】lemon 歌ってみた(生歌) -yuni 【米津玄師】	lemon	NIOIRrLpYJU
YuNi	【苦手発覚】crossing field 歌ってみた(生歌) - yuni 【ソードアート・オンライン】	crossing field	DGJAG7JH8Go
YuNi	【こっち向いてったら!】おねがいダーリン 歌ってみた(生歌) - yuni	おねがいダーリン	uHT5tGjRbfg
YuNi	【みつかっちゃった...】secret base ~君がくれたもの~ 歌ってみた(生歌) - yuni【あの花】	secret base ~君がくれたもの~	BjgmNg37WvU
YuNi	【初デュエット】打上花火 歌ってみた(生歌) - yuni 【daoko × 米津玄師】	打上花火	TTJozNXj02g
YuNi	【サンキュー】 ハロ/ハワユ 歌ってみた(生歌) - yuni	ハロ/ハワユ	AgjgTQLddY0
YuNi	【息継ぎ必死】シャルル 歌ってみた(生歌) - yuni	シャルル	LjkDJHk2KrE
YuNi	【早口苦戦】砂の惑星 歌ってみた(生歌) - yuni	砂の惑星	OdtLcNpsmwc
YuNi	【ご存知、ないのですか!?】祝10周年! 星間飛行 歌ってみた(生歌) - yuni 【マクロスf / ランカ・リー】	星間飛行	McRFlW3gV1M
YuNi	【ウエストがしんどい】エイリアンエイリアン 歌ってみた(生歌) - yuni	エイリアンエイリアン	BxgZRlx_pDE
音羽ララ	《ボカロ名曲》千本桜 歌ってみた ♪音羽ララ♪	千本桜	69nGHjYeFQ0
音羽ララ	《saoその3》crossing field 歌ってみた ♪音羽ララ♪	crossing field	TY3OwbGELEQ
音羽ララ	《操ってよ》からくりピエロ 歌ってみた ♪音羽ララ♪	からくりピエロ	mqxDstnw5qQ
音羽ララ	《メーデー》ゴーストルール 歌ってみた ♪音羽ララ♪	ゴーストルール	pnyujuOcjDE
音羽ララ	《早口がんばった》ドラマツルギー 歌ってみた ♪音羽ララ♪	ドラマツルギー	lT32NkU89Pg
音羽ララ	《ララサンタより》クリスマスソング 歌ってみた ♪音羽ララ♪	クリスマスソング	1gcbLH67LfA
音羽ララ	《大好きだって言うため》いーあるふぁんくらぶ 歌ってみた ♪音羽ララ♪	いーあるふぁんくらぶ	YzFKmvsTaCY
音羽ララ	《upd8参加》愛言葉iii 歌ってみた ♪音羽ララ♪	愛言葉iii	gA_BlsjcgxU
音羽ララ	《初ボカロ》ロキ 歌ってみた ♪音羽ララ♪	ロキ	9_tZkZ0-PXM
音羽ララ	《まどマギ》コネクト 歌ってみた ♪音羽ララ♪	コネクト	ua08T2VC0j4
音羽ララ	《sao》catch the moment 歌ってみた ♪音羽ララ♪	catch the moment	4z4i-xJum8E
音羽ララ	《憧れの人》未練レコード 歌ってみた ♪音羽ララ♪	未練レコード	OdnL3G0BOMs
音羽ララ	《蕩れ》君の知らない物語 歌ってみた ♪音羽ララ♪	君の知らない物語	0d030mevPYA
音羽ララ	《ずっとなかよし》secret base ~君がくれたもの~ 歌ってみた ♪音羽ララ♪	secret base ~君がくれたもの~	5l0Vypq1les
おめシス	からくりピエロ / 初音ミク by おめがリオ	からくりピエロ	owl2ZtgDRHI
おめシス	【メーデー】ゴーストルール / 初音ミク byおめがシスターズ	ゴーストルール	FVfim9jNQVg
おめシス	【まどマギ】コネクト / claris by おめがシスターズ	コネクト	sYNL6WlW-e8
おめシス	【血界戦線】シュガーソングとビターステップ / unison square garden by おめがシスターズ	シュガーソングとビターステップ	pSBk3QVY3cA
天神子兎音	【歌ってみた】千本桜 feat. 初音ミク【cover by 天神子兎音】	千本桜	hvFlaniw3rw
天神子兎音	【歌ってみた】シャルル / バルーン【天神子兎音cover】	シャルル	7SNFxThH1Bc
天神子兎音	【歌ってみた】メルト / ryo【天神子兎音cover】	メルト	TpNNEAnJHrE
天神子兎音	【歌ってみた】ロキ / みきとp【天神子兎音cover】	ロキ	4knjZf6neh4
天神子兎音	【歌ってみた】エイリアンエイリアン / ナユタン星人 【天神子兎音cover】	エイリアンエイリアン	WMLT4pxwWM0
天神子兎音	【歌ってみた】god knows... / 涼宮ハルヒ【天神子兎音cover】	god knows...	qKmBRuHyOdE
天神子兎音	【コラボ】脳漿炸裂ガール 歌ってみた - 天神子兎音×yuni	脳漿炸裂ガール	CYpOUcLtwT0
天神子兎音	【歌ってみた】ゴーストルール / deco*27 【天神子兎音cover】	ゴーストルール	QOmCr33TkBs
天神子兎音	【樋口楓×天神子兎音】打上花火 / daoko × 米津玄師【歌ってみた】	打上花火	n0da64FMiDM
天神子兎音	【歌ってみた】さよならメモリーズ / supercell【天神子兎音cover】	さよならメモリーズ	Cs5GieimxBs
ルキロキ	【王様になりたい】しんでしまうとはなさけない!/じーざすp【歌ってみた】	しんでしまうとはなさけない!	dn4cKo18Uf8
ルキロキ	【愛や厭】妄想感傷代償連盟/deco*27【ルキが歌ってみた】	妄想感傷代償連盟	3MVNJsWSJEI
ルキロキ	【未完成な二人が】ヒバナ/deco*27【歌ってみた】	ヒバナ	lYOQN11WoX8
ルキロキ	【しゅき】エイリアンエイリアン/ナユタン星人【歌ってみた】	エイリアンエイリアン	cXLyJqI77kg
ルキロキ	【回って回って】からくりピエロ/40mp【歌ってみた】	からくりピエロ	ZIWRP3kD3vs
ルキロキ	【そらともが】未練レコード/ときのそら×40mp【歌ってみた】	未練レコード	KPlxewKbWy0
ルキロキ	【ルキがロキをルキにして】ロキ/みきとp【歌ってみた】	ロキ	jLMh1KNmzwI
道明寺ここあ	【道明寺ここあ】メルト 歌ってみた	メルト	yWxuBzb83DY
道明寺ここあ	【道明寺ここあ】シャルル 歌ってみた	シャルル	hAYfIIGIMCc
道明寺ここあ	【道明寺ここあ】ピースサイン 歌ってみた【僕のヒーローアカデミアop/米津玄師】	ピースサイン	l5FOt1OAfOc
道明寺ここあ	【道明寺ここあ】砂の惑星 歌ってみた【ハチ】	砂の惑星	iqndwWqlfR8
道明寺ここあ	【胸がギュッとした】君の知らない物語 歌ってみた【化物語ed/supercell】	君の知らない物語	nlP1OnR8S8k
道明寺ここあ	【寂しい】命に嫌われている。 歌ってみた【初音ミク/カンザキイオリ】	命に嫌われている。	9_IKgqsnfco
道明寺ここあ	【掴み取れ!】catch the moment 歌ってみた【ソードアート・オンライン 主題歌 / lisa】	catch the moment	Z82UOYjwl6M
道明寺ここあ	【学校で!】『ロキ』歌ってみた!【ゲーム部の皆さんと!】	ロキ	f8exumiQ_ck
道明寺ここあ	【腕が筋肉痛】エイリアンエイリアン 歌ってみた - 道明寺ここあ【ナユタン星人】	エイリアンエイリアン	LKfsadAxu5s
道明寺ここあ	【ギターに挑戦!】god knows... 歌ってみた - 道明寺ここあ【涼宮ハルヒの憂鬱挿入歌/平野綾】	god knows...	Ug1mTGc2Jqs
道明寺ここあ	【満開】打上花火 歌ってみた - 道明寺ここあ【daoko × 米津玄師】	打上花火	4zmQFZmP9lA
樋口楓	【樋口楓×天神子兎音】打上花火 / daoko × 米津玄師【歌ってみた】	打上花火	n0da64FMiDM
樋口楓	【ロボ子さん×樋口楓】happy halloween 【歌ってみた】	happy halloween	v6u80eYSLvc
樋口楓	【ロボ子さん×樋口楓】platonic girl 【歌ってみた】	platonic girl	_cUTVL2Nj6o
響木アオ	【新人アイドルが】“私、アイドル宣言”歌ってみた【響木アオ】	私、アイドル宣言	gyBMk2sAbrs
響木アオ	【歌ってみた】lemon / 米津玄師	lemon	i54nTY_Xgl4
響木アオ	【歌ってみた】打上花火  / daoko × 米津玄師	打上花火	D11JIOXu_6I
響木アオ	ハロ/ハワユ【歌ってみた♪】	ハロ/ハワユ	kYGg1vWMbfA
響木アオ	【歌ってみた】クリスマスソング / back number【響木アオ】	クリスマスソング	7AAJu3UQQ8Q
花鋏キョウ	【米津玄師】lemon/米津玄師(covered by 花鋏キョウ)ドラマ『アンナチュラル』主題歌	lemon	4LX0CjZsQV0
花鋏キョウ	ロキ 歌ってみた【花鋏キョウ×獅子神レオナ】	ロキ	DN_KpMjdMUM
花鋏キョウ	【歌ってみた】platonic girl みきとp / 獅子神レオナ×花鋏キョウ【vtuber】	platonic girl	K2Chm_HEPU8
花鋏キョウ	【女性が歌う】米津玄師 「flamingo」(covered by 花鋏キョウ)/ソニー 完全ワイヤレスヘッドホン cmソング	flamingo	DwErLL60GXk
花鋏キョウ	愛言葉iii - deco*27(cover) / 花鋏キョウ【歌ってみた】	愛言葉iii	uP0rBmGkvq4
花鋏キョウ	【女性が歌う】奏/スキマスイッチ(cover by 花鋏キョウ)『一週間フレンズ。』主題歌	奏	S19I8ko-HUk
花鋏キョウ	【女性が歌う】teenage riot(米津玄師)/covered by 花鋏キョウ / 『gatsby cop』cmソング【vtuber】	teenage riot	HEql9BoUE4s
花鋏キョウ	夢ファンファーレ / 花鋏キョウ×双理マイ【歌ってみた】	夢ファンファーレ	AAbLoF-zc_8
花鋏キョウ	【女性が歌う】クリスマスソング / back number (フルカバー) by 花鋏キョウ【vtuber】	クリスマスソング	nI-9rVc_RI8
花鋏キョウ	打上花火/daoko × 米津玄師(covered by 花鋏キョウ & 夜霧メイ)	打上花火	fiY2Dug7U-s
花鋏キョウ	【アレンジver】シャルル / バルーン (cover) by花鋏キョウ【歌ってみた】	シャルル	lovGbRw8R7c
花鋏キョウ	【米津玄師】砂の惑星 feat.初音ミク/ハチ (cover) - 花鋏キョウ【歌ってみた】	砂の惑星	1FfJumM0G3M
花鋏キョウ	【supercell】さよならメモリーズ/花鋏キョウ【歌ってみた】	さよならメモリーズ	JOcwaqpLSWU
ロボ子さん	【mmd公開記念】おねがいダーリン 歌ってみた【ロボ子さん】	おねがいダーリン	RJwpJIe5FmY
ロボ子さん	【ロボ子さん×樋口楓】platonic girl 【歌ってみた】	platonic girl	_cUTVL2Nj6o
ロボ子さん	【全部美兎】シュガーソングとビターステップ off(全部美兎)を...歌ってみた【ロボ子さん】	シュガーソングとビターステップ	8SRe-pPLaG0
ロボ子さん	【ロボ子さん×樋口楓】happy halloween 【歌ってみた】	happy halloween	v6u80eYSLvc
ロボ子さん	secret base ~君がくれたもの~	secret base ~君がくれたもの~	yU5_w__2FBo
獅子神レオナ	【女性が歌う】teenage riot(米津玄師) / vo.獅子神レオナ / 『gatsby cop』cmソング【vtuber】	teenage riot	n6jW9CGlD4A
獅子神レオナ	【女性が歌う】flamingo(米津玄師)/ vo.獅子神レオナ【vtuber】	flamingo	4lESqW6hZ0k
獅子神レオナ	【歌ってみた】シャルル/vo.獅子神レオナ【vtuber】	シャルル	UhOADo8Wm0g
獅子神レオナ	【歌ってみた】platonic girl みきとp / 獅子神レオナ×花鋏キョウ【vtuber】	platonic girl	K2Chm_HEPU8
獅子神レオナ	【生きて】命に嫌われている。 / vo.獅子神レオナ【歌ってみた】	命に嫌われている。	Y78khzdJMJE
獅子神レオナ	【back number】クリスマスソング / vo.獅子神レオナ【歌ってみた】	クリスマスソング	ftk4DxmmIBY
獅子神レオナ	【deco*27】ヒバナ / vo.獅子神レオナ【歌ってみた】	ヒバナ	BV406hFrDk8
獅子神レオナ	【コレサワ】たばこ / vo.獅子神レオナ【歌ってみた】	たばこ	W5eCr-_rl9I
獅子神レオナ	【unison square garden】シュガーソングとビターステップ / vo.獅子神レオナ【歌ってみた 】	シュガーソングとビターステップ	k85XEb9j-mw
獅子神レオナ	【時をかける少女】変わらないもの / vo.獅子神レオナ【歌ってみた】	変わらないもの	WBQv67L5VZY
獅子神レオナ	【obk's】桜ノ雨【歌ってみた】	桜ノ雨	GdRNa72_3hU
獅子神レオナ	【obk‘s】神のまにまに【歌ってみた】	神のまにまに	Inbifi8dDMw
獅子神レオナ	【obk‘s】好き!雪!本気マジック【歌ってみた】	好き!雪!本気マジック	d2HPMxnK2x4
獅子神レオナ	【歌ってみた】劣等上等 giga / 水瓶ミア×獅子神レオナ【vtuber】	劣等上等	ZTQLWq8BYP8
獅子神レオナ	ロキ 歌ってみた【花鋏キョウ×獅子神レオナ】	ロキ	DN_KpMjdMUM
獅子神レオナ	【歌ってみた】夢ファンファーレ - 丑牡てぃあ × 獅子神レオナ	夢ファンファーレ	6tJo5NWpdMQ
結城リノ	【4k映像】deco*27 - 妄想感傷代償連盟 feat. 初音ミク【歌ってみた】結城リノ	妄想感傷代償連盟	q-V7CWiHEJQ
結城リノ	【歌ってみた】シャルル / バルーン - 結城リノ	シャルル	U0tb-fHQ2b0
結城リノ	【歌ってみた】千本桜 feat. 初音ミク【covered by 結城リノ】	千本桜	Di7kQyqJfQo
結城リノ	【バレンタインに】メルト 歌ってみた【mvフル/歌詞付き】結城リノ-vsinger-	メルト	QM-p5v6cBR0
結城リノ	【mv】アスノヨゾラ哨戒班 歌ってみた - 結城リノ-vsinger-	アスノヨゾラ哨戒班	MQJQVp9TFVo
結城リノ	雪の華 / 中島美嘉(映画『雪の華』主題歌)【歌ってみた】- covered by 結城リノ	雪の華	G8lnAybbr4g
結城リノ	【女性が歌う】米津玄師 「flamingo」(covered by 結城リノ) / ソニー 完全ワイヤレスヘッドホン cmソング	flamingo	fjK34zMHzKo
結城リノ	【オリジナルmv】おねがいダーリン 歌ってみた - 結城リノ	おねがいダーリン	xmZ0XsWluH0
結城リノ	【歌ってみた】私、アイドル宣言【結城リノ】	私、アイドル宣言	WG7Qt_YBWXQ
富士葵	【富士葵】雪の華/中島美嘉  映画『雪の華』主題歌【歌ってみた】	雪の華	9ozaiKTyJ5M
富士葵	【富士葵】恋愛サーキュレーション/千石撫子(花澤香菜)『化物語』【歌ってみた】	恋愛サーキュレーション	A8g6cuODzxc
富士葵	【富士葵】なんでもないや/radwimps 『君の名は。』 【2018 cover】	なんでもないや	aDnSbeC_kyw
富士葵	【富士葵】flamingo/米津玄師【歌ってみた】	flamingo	LpFlorv28_A
富士葵	【歌ってみた】君の知らない物語/supercell【富士葵】『化物語ed』	君の知らない物語	bsgU_M83lJM
富士葵	エイリアンエイリアン	エイリアンエイリアン	PLBi20neHbM
富士葵	【富士葵】ピースサイン/米津玄師【歌ってみた】	ピースサイン	w2FjVnLyL8o
富士葵	secret base ~君がくれたもの~	secret base ~君がくれたもの~	rjYkPF4_g80
富士葵	【cover】ライオン/may'n/中島愛 - 富士葵×ときのそらコラボ「そらあお」で歌ってみた	ライオン	rn54OXCuTZs
富士葵	【cover】変わらないもの/奥華子『時をかける少女』kawaranai mono/oku hanako "the girl who leapt through time"	変わらないもの	qeGDonntEzI
富士葵	【cover】奏(かなで)/スキマスイッチ『一週間フレンズ。』kanade/sukima switch "one week friends"	奏	_E6f7gHX0R8
富士葵	【cover】なんでもないや/radwimps 『君の名は。』 nandemonaiya "your name"	なんでもないや	2icJhamXyA0
ヒメヒナ	【1周年記念】いーあるふぁんくらぶ【歌って踊ってみた!】	いーあるふぁんくらぶ	3h6qU080brA
ヒメヒナ	himehina『ロキ(cover)』mv	ロキ	mtb-qa8xvFU
ヒメヒナ	himehina『太陽系デスコ (cover)』mv	太陽系デスコ	DdqEdO4EOuU
ヒメヒナ	himehina『劣等上等(cover)』mv	劣等上等	il4cAeVzZwI
水瓶ミア	【歌ってみた】劣等上等 giga / 水瓶ミア×獅子神レオナ【vtuber】	劣等上等	ZTQLWq8BYP8
水瓶ミア	【女性が歌う】flamingo(米津玄師)/ vo.水瓶ミア / sony 完全ワイヤレスヘッドホン cmソング【vtuber】	flamingo	sxDsj1-8xcI
水瓶ミア	【女性が歌う】teenage riot(米津玄師) / vo.水瓶ミア / 『gatsby cop』cmソング【vtuber】	teenage riot	8A1NXt4JyDg
水瓶ミア	【歌って作ってみた】いーあるふぁんくらぶ short ver.【水瓶ミア】	いーあるふぁんくらぶ	bM_RxY48DUk
水瓶ミア	【歌ってみた】deco*27 - 妄想感傷代償連盟 feat. 水瓶ミア	妄想感傷代償連盟	bzLI7ovt2hY
夜霧メイ	しんでしまうとはなさけない! / vo.多々星シエル&夜霧メイ【歌ってみた】	しんでしまうとはなさけない!	Y9sefVNyjaU
夜霧メイ	打上花火/daoko × 米津玄師(covered by 花鋏キョウ & 夜霧メイ)	打上花火	fiY2Dug7U-s
夜霧メイ	【米津玄師】砂の惑星 feat.初音ミク/ハチ -cover 夜霧メイ【vtuber】	砂の惑星	MxH60Se7Myc
夜霧メイ	【歌ってみた】メランコリック/夜霧メイ【vtuber】	メランコリック	Eu-s8pNXaFg
夜霧メイ	【vtuber】ドラマツルギー/夜霧メイ【歌ってみた】	ドラマツルギー	6dmC6jdGI30
ヒヅキミウ	ロキ - みきとp(cover)/ヒヅキミウ【一人で歌ってみた】#012	ロキ	fjxJAkA567M
ヒヅキミウ	米津玄師 flamingo / covered by ヒヅキミウ【歌ってみた】	flamingo	yN0HVfp3_hI
ヒヅキミウ	ハロ/ハワユ 歌ってみた 【公開収録曲】- ヒヅキミウ #30	ハロ/ハワユ	5ZbkZ6eq2MQ
ヒヅキミウ	恋愛サーキュレーション	恋愛サーキュレーション	qhEo3Ig1Zp4
綺羅星ウタ	ヒバナ/deco*27(cover by 綺羅星ウタ)【歌ってみた】	ヒバナ	4PiKmy6nFJo
綺羅星ウタ	【女性が歌う】back number / クリスマスソング(cover by 綺羅星ウタ)【vtuber】	クリスマスソング	ObE94rXhv18
綺羅星ウタ	愛言葉iii - deco*27(cover) / 綺羅星ウタ【歌ってみた】	愛言葉iii	mhoCEhPIou8
綺羅星ウタ	太陽系デスコ / ナユタン星人(cover) - 綺羅星ウタ【歌ってみた】	太陽系デスコ	ckbIK9sqs98
綺羅星ウタ	私、アイドル宣言 /chico with honeyworks【歌ってみた】ver.綺羅星ウタ	私、アイドル宣言	24bwcvdWRUU
綺羅星ウタ	【ねぇ〇〇してくれる?///】おねがいダーリン/綺羅星ウタ【歌ってみた】	おねがいダーリン	Irub5EtKgtA
綺羅星ウタ	【やっと好きって言えたvtuberが】さよならメモリーズ/綺羅星ウタ【歌ってみた】	さよならメモリーズ	q3YqkY9Erc4
双理マイ	【天声に心を込めて】心做し(オリジナルpv)/vo.双理マイ【歌ってみた】	心做し	Ih9drJnAYfI
双理マイ	【天声に】愛言葉iii / vo.双理マイ【愛を込めて歌ってみた】	愛言葉iii	N1vE_zgnwjc
双理マイ	夢ファンファーレ / 花鋏キョウ×双理マイ【歌ってみた】	夢ファンファーレ	AAbLoF-zc_8
双理マイ	【obk‘s】好き!雪!本気マジック【歌ってみた】	好き!雪!本気マジック	d2HPMxnK2x4
双理マイ	【obk‘s】神のまにまに【歌ってみた】	神のまにまに	Inbifi8dDMw
双理マイ	君の知らない物語	君の知らない物語	RtBEpiqpO-c
双理マイ	【劇場版sao】catch the moment/lisa-双理マイver.【歌ってみた】	catch the moment	HOtzFRYyDAg
双理マイ	奏	奏	jXtbXGN137k
多々星シエル	【obk's】桜ノ雨【歌ってみた】	桜ノ雨	GdRNa72_3hU
多々星シエル	ドラマツルギー by 多々星シエル【歌ってみた】	ドラマツルギー	OiMv0kRLmQU
多々星シエル	【obk‘s】神のまにまに【歌ってみた】	神のまにまに	Inbifi8dDMw
多々星シエル	しんでしまうとはなさけない! / vo.多々星シエル&夜霧メイ【歌ってみた】	しんでしまうとはなさけない!	Y9sefVNyjaU
多々星シエル	【obk‘s】好き!雪!本気マジック【歌ってみた】	好き!雪!本気マジック	d2HPMxnK2x4
多々星シエル	【二人で歌う】lemon / 多々星シエル×ゆにゆにこ【歌ってみた】	lemon	5pXwLz07tXI
多々星シエル	lisa 『adamas』cover by 多々星シエル(tvアニメ「ソードアート・オンライン アリシゼーション」opテーマ)	adamas	OYwNrAyzLeI
多々星シエル	心做し / 多々星シエル【歌ってみた】	心做し	3lJ8-SuZilE
多々星シエル	【女性が歌う】teenage riot(米津玄師)/ vo.多々星シエル / 『gatsby cop』cmソング【vtuber】	teenage riot	xXruNs5kzaA
多々星シエル	【女性が歌う】flamingo(米津玄師)/vo.多々星シエル/sony 完全ワイヤレスヘッドホン cmソング【vtuber】	flamingo	3PC1PnH8JZk
多々星シエル	ロキ 歌ってみた【多々星シエル×双理マイ】	ロキ	eAtVu6qtC5s
丑牡てぃあ	少女レイ/みきとp(cover) ver.丑牡てぃあ【歌ってみた】	少女レイ	tZvQdE9aE-8
丑牡てぃあ	ロキ 歌ってみた【丑牡てぃあ】	ロキ	5OV_rEcDy5Q
丑牡てぃあ	【歌ってみた】夢ファンファーレ - 丑牡てぃあ × 獅子神レオナ	夢ファンファーレ	6tJo5NWpdMQ
千条アリア	【mmd】好き!雪!本気マジック/千条アリア【歌って踊ってみた】	好き!雪!本気マジック	PpXA6T35Nf8
千条アリア	【mmd】おねがいダーリン/千条アリア【歌って踊ってみた】	おねがいダーリン	KEezJNtTx1Y
千条アリア	【千条アリア】少女レイ  みきとp【cover】	少女レイ	cbxh9vdwgvI
千条アリア	【千条アリア】deco*27 - 愛言葉iii 【cover】	愛言葉iii	DkSfzGntEmY
千条アリア	おねがいダーリン 歌ってみた【千条アリア】	おねがいダーリン	j7-YXDpD1QE
ちくわ	flamingo - 米津玄師 / (covered by ちくわ) 歌ってみた	flamingo	KugjsnbjJEE
ちくわ	【一人二役で】ロキ / ちくわ【歌ってみた】	ロキ	_xsACc507t4
ちくわ	からくりピエロ  / ちくわ【歌ってみた】	からくりピエロ	fYR5GhCD-WY
ちくわ	mrs.pumpkinの滑稽な夢	mrs.pumpkinの滑稽な夢	Rx0YE8pKKtQ
ちくわ	君の知らない物語 / ちくわ【歌ってみた】	君の知らない物語	NDKSDxhQxtc
ちくわ	シャルル / ちくわ【歌ってみた】	シャルル	XNS90rp_9kY
ちくわ	ゴリラ×ちくわオンステージ「打上花火/daoko×米津玄師」	打上花火	SYjZMjAhgmo
ちくわ	【sao】crossing field / ちくわ【歌ってみた】	crossing field	5jEEc-738iE
ちくわ	エイリアンエイリアン / ちくわ 【歌ってみた】	エイリアンエイリアン	M86C3Mo4Ro8
星乃めあ	桜ノ雨 - 初音ミク (cover) / 星乃めあ【歌ってみた】	桜ノ雨	VWB1saZriLA
星乃めあ	ゴーストルール - deco*27 (cover) / 星乃めあ【歌ってみた】	ゴーストルール	2LN89yS2fek
星乃めあ	ピースサイン - 米津玄師(cover) / 星乃めあ【歌ってみた】tvアニメ「僕のヒーローアカデミア」opテーマ kenshi yonezu / peace sign	ピースサイン	n4R8Re2ObTA
星乃めあ	星間飛行 - ランカ・リー(cover) / 星乃めあ【歌ってみた】tvアニメ『マクロスf』オープニングテーマ	星間飛行	iqPdlMS5QGY
星乃めあ	太陽系デスコ - ナユタン星人(cover) / 星乃めあ【歌ってみた】	太陽系デスコ	Braty2YdYHQ
星乃めあ	エイリアンエイリアン - ナユタン星人(cover) / 星乃めあ【歌ってみた】	エイリアンエイリアン	AF1MkAWkWQI
星乃めあ	雪の華 - 中島美香(cover) / 星乃めあ【歌ってみた】映画『雪の華』2019年2月1日(金)公開	雪の華	umbh3EYFguY
星乃めあ	恋愛サーキュレーション - 千石撫子(花澤香菜) / 星乃めあ【歌ってみた】tvアニメ「化物語」opテーマソング	恋愛サーキュレーション	ARg70WccJYI
星乃めあ	catch the moment - lisa(cover) / 星乃めあ【歌ってみた】「劇場版 ソードアート・オンライン -オーディナル・スケール-」主題歌	catch the moment	JyAW0uBpnyE
星乃めあ	シャルル - バルーン(cover) / 星乃めあ【歌ってみた】	シャルル	XpKVXi4YatA
星乃めあ	アスノヨゾラ哨戒班 - orangestar(cover) / 星乃めあ【歌ってみた】	アスノヨゾラ哨戒班	1bpz72f1Wvg
星乃めあ	クリスマスソング - back number(cover) / 星乃めあ【歌ってみた】『5→9~私に恋したお坊さん~ 』主題歌	クリスマスソング	gSkVAujpA5E
星乃めあ	【歌ってみた】daoko × 米津玄師『打上花火』- 星乃めあ × たすくこま【コラボ】 映画「打ち上げ花火、下から見るか?横から見るか?」主題歌	打上花火	fUDIV1Mrlvw
星乃めあ	【女性が歌う】米津玄師 「lemon」- 星乃めあ【オリジナルmv】紅白出演おめでとうございます!tbs金曜ドラマ「アンナチュラル」主題歌	lemon	4HZIKzKo-zY
星乃めあ	愛言葉iii - deco*27(cover) / 星乃めあ【歌ってみた】	愛言葉iii	IjVWaqEueqU
星乃めあ	【女性が歌う】米津玄師 「flamingo」(covered by 星乃めあ)紅白出演おめでとうございます!/ソニー 完全ワイヤレスヘッドホン cmソング	flamingo	DEmNpwvsdnE
星乃めあ	【歌ってみた】米津玄師 「teenage riot」- 星乃めあ【オリジナルmv】紅白出演おめでとうございます!『gatsby cop』cmソング	teenage riot	65t-hpvhLLI
星乃めあ	【歌ってみた】未練レコード / 星乃めあ【ときのそら × 40mp】	未練レコード	S8TT0PEQ2v4
星乃めあ	砂の惑星 - ハチ(米津玄師) / 星乃めあ【歌ってみた】初音ミク「マジカルミライ2017」テーマソング	砂の惑星	aU6FDM_vsO4
星乃めあ	god knows... - 涼宮ハルヒ(cover) / 星乃めあ【歌ってみた】tvアニメ「涼宮ハルヒの憂鬱」挿入歌	god knows...	UxndtiYKJyg
KNMZ LIZ	シャルル - バルーン(cover)/ kmnz liz	シャルル	dIsAIyTm0Gs
KNMZ LIZ	happy halloween - junky(cover) / kmnz ケモノズ	happy halloween	NXwcJa73BoU
KNMZ LIZ	愛言葉iii - deco*27(cover) / kmnz liz	愛言葉iii	nQQ6BUvsdFQ
KNMZ LIZ	メランコリック - junky feat.鏡音リン(cover)  / kmnz liz リズ	メランコリック	VEsIJeJ9pl0
KNMZ LIZ	太陽系デスコ - ナユタン星人(cover) / kmnz liz リズ	太陽系デスコ	ggO4A8viiPI
KNMZ LIZ	少女レイ - みきとp (cover) / kmnz liz	少女レイ	3PqeQQxTGhI
KNMZ LIZ	ロキ - みきとp(cover) / kmnz liz	ロキ	EIbvKSUeta0
鈴鹿詩子	【bgクラブ】脳漿炸裂ガール 歌ってみた - 森中花咲×鈴鹿詩子×モイラ【オリジナルmv】cover	脳漿炸裂ガール	-BZXZvOnRK0
鈴鹿詩子	【自作mv】シャルル 歌ってみた。【鈴鹿詩子】charles cover	シャルル	WGXkz1VGXVM
鈴鹿詩子	【恋愛サーキュレーション】歌ってみた。 renai circulation - bakemonogatari cover by utako suzuka	恋愛サーキュレーション	FXwlyNlC-20
鈴鹿詩子	『おねがいダーリン』アカペラで歌わせて頂きました。onegai darling! a cappella cover by utako suzuka	おねがいダーリン	9McF4pK8QDg
鈴鹿詩子	【君の名は。】 なんでもないや / radwimps (cover)鈴鹿詩子【聖地でのオリジナルpv】nandemonaiya "your name"/utako suzuka	なんでもないや	z8-DH73uCxA
ゆにゆにこ	【sword art online alicization op】adamas / lisa - ゆにゆにこ《vtuber, mv》	adamas	CE3O9w88BL4
ゆにゆにこ	【米津玄師】砂の惑星 / ハチ - ゆにゆにこ《vtuber, mv》	砂の惑星	mm424gCdVNM
ゆにゆにこ	【二人で歌う】lemon / 多々星シエル×ゆにゆにこ【歌ってみた】	lemon	5pXwLz07tXI
ゆにゆにこ	【踊れるんだぞ?】太陽系デスコ / ナユタン星人 - ゆにゆにこ《mv, vtuber》	太陽系デスコ	sFdLZaBh0kQ
ゆにゆにこ	【歌ってみた】『愛言葉iii』/ deco*27 - ゆにゆにこ《mv vtuber》	愛言葉iii	gaZRrmObN5E
ゆにゆにこ	【女性が歌う】『teenage riot』/ 米津玄師 - ゆにゆにこ《mv vtuber》	teenage riot	9A80XFgSP0Q
ゆにゆにこ	【女性が歌う】『flamingo』/ 米津玄師 covered by ゆにゆにこ / 歌ってみた【mv vtuber sony cmソング】	flamingo	RVKn_efveuk
琴みゆり	【女性が歌う】ドラマツルギー/eve (+1キー)by 琴みゆり【歌ってみた】	ドラマツルギー	GzLcZrj8ZHg
琴みゆり	lisa 『adamas』- (full) ソードアート・オンライン アリシゼーション op 【covered by 琴みゆり】	adamas	ntaOucZv4z8
琴みゆり	【コラボ】からくりピエロ 歌ってみた - 琴みゆり × 朝ノ瑠璃	からくりピエロ	VUNd8LYacNU
琴みゆり	シャルル/琴みゆり【歌ってみた】	シャルル	IRJ0LTQLj70
琴みゆり	『少女レイ』/みきとp(covered by 琴みゆり)【歌ってみた】	少女レイ	cEZ23zApOfc
ときのそら	【侵略されて】エイリアンエイリアン 歌ってみた - ときのそら【踊ってみた】	エイリアンエイリアン	NT6Pf28eCgQ
ときのそら	【歌ってみた】アスノヨゾラ哨戒班【ときのそら】	アスノヨゾラ哨戒班	QYpkewF8ECA
ときのそら	【コラボ】mrs.pumpkinの滑稽な夢 女子4人で歌ってみた - そら×まり×アオ×yuni	mrs.pumpkinの滑稽な夢	gb_jfOQd64c
ときのそら	【ときのそら × 40mp】未練レコード【オリジナル・ボカロpコラボ第1弾】	未練レコード	yVxmv4oqPzs
ときのそら	【歌ってみた】メランコリック【ときのそら】	メランコリック	zcU6WIaT9DA
ときのそら	【mmd公開】太陽系デスコ/ときのそら【歌ってmmdで踊ってみた】	太陽系デスコ	wHw3jSvZxNI
ときのそら	【cover】ライオン/may'n/中島愛 - 富士葵×ときのそらコラボ「そらあお」で歌ってみた	ライオン	rn54OXCuTZs
